<EQ>
  <background src="img\eq_main.png" setcx="0" setcy="0" usetransparent="1" can_glass="1" useSystemColorizationColor="1" hideColorizationWhenGlass="1" hideAllWhenGlass="0"  hideImageWhenTransparent="0" colorizationColorMinAlpha="0.65" type="0" color1="0x90808080"  />
  <resizeinfo resizeable="0" mincx="660" mincy="342" maxcx="660" maxcy="342" />

 <node class="STATIC" id="WINNAME_TEXT_ID" typeAlign="0" cx="400" cy="36" x="10" y="4">
   <text value="Эквалайзер" aligment="0x81" color="0xFFFFFFFF"/>
   <font name="Calibri" height="18" bold="1" spacing="103" />
   <glow1 glow="5" samples="4" color="0xFFFFFFFF"/>
   <margins left="10"/>
 </node> 	
	
 <node class="BUTTON" id="CLOSE_EQ_BUTTON_ID" osdTooltip="1" typeAlign="3" cx="28" cy="30" x="8" y="4">
   <image isalpha="0" autoScale="0" src="img\CloseEqButton.png" tooltip="translateMe(Close)" />      
 </node>
 
 <node class="BUTTON" id="EQU_ONOFF_BUTTON_ID" osdTooltip="1" checkable="1" typeAlign="1" cx="108" cy="108" x="29" y="140">
   <image isalpha="0" autoScale="0" src="img\equonoffbutton.png" tooltip="translateMe(EQ off)"  />
   <image isalpha="0" autoScale="0" checked="1" src="img\equonoffbuttonActive.png" tooltip="translateMe(EQ on)" />
 </node>
 
 <node class="BUTTON" id="EQU_TYPE_BUTTON_ID" osdTooltip="1" checkable="1" typeAlign="0x0101" cx="64" cy="62" x="6" y="56">
   <image isalpha="0" autoScale="0" src="img\equType0button.png" />
   <image isalpha="0" autoScale="0" checked="1" src="img\equType1button.png" />
 </node>
  
 <node class="SLIDER" id="SLIDER_PREAMP_ID" vertical="1" typeAlign="1" cx="36" cy="234" x="144" y="74">
   <imagecursor autoScale="0" isalpha="0" duration="400" statecount="2" right="36" bottom="16" src="img\EqSliderCursor.png"/>      
   <minmax min="0" max="400" />   
   <holdinfo>
    <point value="200" threshold="10" />
   </holdinfo>
 </node>
 
 <node class="SLIDER" id="SLIDER_W60_ID" vertical="1" typeAlign="1" cx="36" cy="234" x="224" y="74">
   <imagecursor isalpha="0" duration="400" statecount="2" right="36" bottom="16" src="img\EqSliderCursor.png"/>      
   <minmax min="0" max="400" />   
   <holdinfo>
    <point value="200" threshold="10" />
   </holdinfo>
 </node>
 
 <node class="SLIDER" id="SLIDER_W170_ID" vertical="1" typeAlign="1" cx="36" cy="234" x="264" y="74">
   <imagecursor isalpha="0" duration="400" statecount="2" right="36" bottom="16" src="img\EqSliderCursor.png"/>      
   <minmax min="0" max="400" />   
   <holdinfo>
    <point value="200" threshold="10" />
   </holdinfo>
 </node>
 
 <node class="SLIDER" id="SLIDER_W310_ID" vertical="1" typeAlign="1" cx="36" cy="234" x="304" y="74">
   <imagecursor isalpha="0" duration="400" statecount="2" right="36" bottom="16" src="img\EqSliderCursor.png"/>      
   <minmax min="0" max="400" />   
   <holdinfo>
    <point value="200" threshold="10" />
   </holdinfo>
 </node>
 
 <node class="SLIDER" id="SLIDER_W600_ID" vertical="1" typeAlign="1" cx="36" cy="234" x="344" y="74">
   <imagecursor isalpha="0" duration="400" statecount="2" right="36" bottom="16" src="img\EqSliderCursor.png"/>      
   <minmax min="0" max="400" />   
   <holdinfo>
    <point value="200" threshold="10" />
   </holdinfo>
 </node>
 
 <node class="SLIDER" id="SLIDER_W1K_ID" vertical="1" typeAlign="1" cx="36" cy="234" x="384" y="74">
   <imagecursor isalpha="0" duration="400" statecount="2" right="36" bottom="16" src="img\EqSliderCursor.png"/>      
   <minmax min="0" max="400" />   
   <holdinfo>
    <point value="200" threshold="10" />
   </holdinfo>
 </node>
 
 <node class="SLIDER" id="SLIDER_W3K_ID" vertical="1" typeAlign="1" cx="36" cy="234" x="424" y="74">
   <imagecursor isalpha="0" duration="400" statecount="2" right="36" bottom="16" src="img\EqSliderCursor.png"/>      
   <minmax min="0" max="400" />   
   <holdinfo>
    <point value="200" threshold="10" />
   </holdinfo>
 </node>
 
  <node class="SLIDER" id="SLIDER_W6K_ID" vertical="1" typeAlign="1" cx="36" cy="234" x="464" y="74">
   <imagecursor isalpha="0" duration="400" statecount="2" right="36" bottom="16" src="img\EqSliderCursor.png"/>      
   <minmax min="0" max="400" />   
   <holdinfo>
    <point value="200" threshold="10" />
   </holdinfo>
  </node>
 
  <node class="SLIDER" id="SLIDER_W12K_ID" vertical="1" typeAlign="1" cx="36" cy="234" x="504" y="74">
   <imagecursor isalpha="0" duration="400" statecount="2" right="36" bottom="16" src="img\EqSliderCursor.png"/>      
   <minmax min="0" max="400" />   
   <holdinfo>
    <point value="200" threshold="10" />
   </holdinfo>
  </node>
 
  <node class="SLIDER" id="SLIDER_W14K_ID" vertical="1" typeAlign="1" cx="36" cy="234" x="544" y="74">
   <imagecursor isalpha="0" duration="400" statecount="2" right="36" bottom="16" src="img\EqSliderCursor.png"/>      
   <minmax min="0" max="400" />   
   <holdinfo>
    <point value="200" threshold="10" />
   </holdinfo>
  </node>
 
  <node class="SLIDER" id="SLIDER_W16K_ID" vertical="1" typeAlign="1" cx="36" cy="234" x="584" y="74">
   <imagecursor isalpha="0" duration="400" statecount="2" right="36" bottom="16" src="img\EqSliderCursor.png"/>      
   <minmax min="0" max="400" />   
   <holdinfo>
    <point value="200" threshold="10" />
   </holdinfo>
  </node>
    
  <node class="STATIC" id="PREAMP_TEXT_ID" typeAlign="1" cx="36" cy="34" x="142" y="308">
   <text aligment="0x84" color="0xFF404040"/>
   <font name="Arial" height="12" bold="1" />
 </node>
 
 <node class="STATIC" id="W60_TEXT" typeAlign="1" cx="36" cy="34" x="224" y="308" xb="0" yb="0">
   <text aligment="0x84" color="0xFF404040"/>
   <font name="Arial" height="12" bold="1" />
 </node>
 
  <node class="STATIC" id="W170_TEXT" typeAlign="1" cx="36" cy="34" x="264" y="308" xb="0" yb="0">
   <text aligment="0x84" color="0xFF404040"/>
   <font name="Arial" height="12" bold="1" />
 </node>

 <node class="STATIC" id="W310_TEXT" typeAlign="1" cx="36" cy="34" x="304" y="308" xb="0" yb="0">
   <text aligment="0x84" color="0xFF404040"/>
   <font name="Arial" height="12" bold="1" />
 </node>
 
 <node class="STATIC" id="W600_TEXT" typeAlign="1" cx="36" cy="34" x="344" y="308" xb="0" yb="0">
   <text aligment="0x84" color="0xFF404040"/>
   <font name="Arial" height="12" bold="1" />
 </node>
 
 <node class="STATIC" id="W1K_TEXT" typeAlign="1" cx="36" cy="34" x="384" y="308" xb="0" yb="0">
   <text aligment="0x84" color="0xFF404040"/>
   <font name="Arial" height="12" bold="1" />
 </node>
 
 <node class="STATIC" id="W3K_TEXT" typeAlign="1" cx="36" cy="34" x="424" y="308" xb="0" yb="0">
   <text aligment="0x84" color="0xFF404040"/>
   <font name="Arial" height="12" bold="1" />
 </node>
 
 <node class="STATIC" id="W6K_TEXT" typeAlign="1" cx="36" cy="34" x="464" y="308" xb="0" yb="0">
   <text aligment="0x84" color="0xFF404040"/>
   <font name="Arial" height="12" bold="1" />
 </node>
 
 <node class="STATIC" id="W12K_TEXT" typeAlign="1" cx="36" cy="34" x="504" y="308" xb="0" yb="0">
   <text aligment="0x84" color="0xFF404040"/>
   <font name="Arial" height="12" bold="1" />
 </node>
 
 <node class="STATIC" id="W14K_TEXT" typeAlign="1" cx="36" cy="34" x="544" y="308" xb="0" yb="0">
   <text aligment="0x84" color="0xFF404040"/>
   <font name="Arial" height="12" bold="1" />
 </node>
 
 <node class="STATIC" id="W16K_TEXT" typeAlign="1" cx="36" cy="34" x="586" y="308" xb="0" yb="0">
   <text aligment="0x84" color="0xFF404040"/>
   <font name="Arial" height="12" bold="1" />
 </node>
  
</EQ>
