<controlpanelF useCustomEpgTooltip="1" ui="forms\osd\controlpanel\controlpanel_F.ui" typeAlign="0x0101" cx="-100" cy="75" x="0" y="10" yb="-10" xb="0" easingCurve="34">
 <background src="img\OSD\controlpanel\OsdControlPanel3.png" skip="57" size="3" setcy="1" usetransparent="0" can_glass="0" useSystemColorizationColor="0" type="0" color1="0x80000000"/>
 <resizeinfo resizeable="1" mincx="1250" />
 
 <node class="STATIC" id="SPEED_TEXT_ID" typeAlign="2" cx="42" cy="18" x="0" y="14" xb="0" yb="0">
   <font name="Calibri" height="12" weight="70" />
   <text aligment="0x84" color="0x99999999"/>
   <glow glow="1" extent="2" samples="2" color="0xB4E6E6E6"/>
 </node>

 <node class="BUTTON" id="PLAY_BUTTON_ID" typeAlign="2" cx="40" cy="40" x="0" y="25">
   <image isalpha="0" autoScale="0" src="img\OSD\controlpanel\OSDPlayButton.png" tooltip="translateMe(Play)"/>
   <image isalpha="0" autoScale="0" src="img\OSD\controlpanel\OSDPauseButton.png" tooltip="translateMe(Pause)" /> 
 </node>

 <node class="BUTTON" id="FF_BUTTON_ID" typeAlign="2" cx="40" cy="40" x="43" y="25">
   <image isalpha="0" autoScale="0" src="img\OSD\controlpanel\OSDFFButton.png" tooltip="translateMe(Increase playback speed)"/>
 </node>

 <node class="BUTTON" id="FFJUMP_BUTTON_ID" auto="300" typeAlign="2" cx="40" cy="40" x="86" y="25">
   <image isalpha="0" autoScale="0" src="img\OSD\controlpanel\OSDFFJumpButton.png" tooltip="translateMe(Skip forward)"/>
 </node>

 <node class="BUTTON" id="NEXT_BUTTON_ID" typeAlign="2" cx="40" cy="40" x="194" y="25">
   <image isalpha="0" autoScale="0" src="img\OSD\controlpanel\OSDNextButton.png" tooltip="translateMe(Next channel/media)"/>
 </node>

 <node class="BUTTON" id="REW_BUTTON_ID" typeAlign="2" cx="40" cy="40" x="-43" y="25">
   <image isalpha="0" autoScale="0" src="img\OSD\controlpanel\OSDRewButton.png" tooltip="translateMe(Decrease playback speed)"/>
 </node>

 <node class="BUTTON" id="REWJUMP_BUTTON_ID" auto="300" typeAlign="2" cx="40" cy="40" x="-86" y="25">
   <image isalpha="0" autoScale="0" src="img\OSD\controlpanel\OSDRewJumpButton.png" tooltip="translateMe(Skip backward)"/>
 </node>

 <node class="BUTTON" id="PREV_BUTTON_ID" typeAlign="2" cx="40" cy="40" x="151" y="25">
   <image isalpha="0" autoScale="0" src="img\OSD\controlpanel\OSDPrevButton.png" tooltip="translateMe(Previous channel/media)"/>
 </node>
 
 <node class="BUTTON" id="STOP_BUTTON_ID" typeAlign="2" cx="40" cy="40" x="-151" y="25">
   <image isalpha="0" autoScale="0" src="img\OSD\controlpanel\OSDStopButton.png" tooltip="translateMe(Stop)"/>
 </node>
 
 <node class="BUTTON" id="USER_RESTART_BUTTON_ID"  typeAlign="2" cx="40" cy="40" x="-194" y="25">
	  <image isalpha="1" autoScale="0" src="img\OSD\controlpanel\OsdReplayButton.png" tooltip="translateMe(Restart)" />
	  <luascr OnClick="m_simpleTV.Control.ExecuteAction(63)" />
 </node>

	<node class="BUTTON" id="FILE_BUTTON_ID" typeAlign="2" cx="40" cy="40" x="-602" y="25">
       <image autoScale="0" src="img\OSD\controlpanel\OsdFileButton.png" tooltip="translateMe(File)"/>
    </node>
	
	<node class="BUTTON" id="SKINSETTINGS_BUTTON_ID" typeAlign="2" cx="40" cy="40" x="-559" y="25">
       <image autoScale="0" src="img\OSD\controlpanel\OsdSkinSettings.png" tooltip="translateMe(Skin settings)"/>
	   <luascr OnClick="skin_schema_settings()" />
    </node>
	<node class="BUTTON" id="KEY_ALLCONTROL_ID" typeAlign="2" cx="40" cy="40" x="-516" y="25">
       <image autoScale="0" src="img\OSD\controlpanel\OsdAllControlButton.png" tooltip="translateMe(Controls)"/>
       <luascr OnClick="m_simpleTV.Control.ExecuteAction(160)"/>
    </node>
		
    <node class="BUTTON" id="SHOW_PLAYLIST_ID" typeAlign="2" cx="40" cy="40" x="-473" y="25">
       <image isalpha="1" autoScale="0" src="img\OSD\controlpanel\OsdMultiadressButton.png" tooltip="translateMe(Show playlist)" />
       <luascr OnClick="m_simpleTV.Control.ExecuteAction(6)" />
    </node>	
 		
    <node class="BUTTON" id="USER_SHOW_TVS_SELECT_SRC" typeAlign="2" cx="40" cy="40" x="-430" y="25">
       <image isalpha="1" autoScale="0" src="img\OSD\controlpanel\OsdSelectSource.png" tooltip="translateMe(Source selection)" />
              <luascr OnClick="if (tvs_core) and (TVSources_var.IsTVS == true) then dofile(m_simpleTV.MainScriptDir .. 'user/TVSources/selectsource.lua') elseif (m_simpleTV.Control.GetMultiAddressIndex()) then m_simpleTV.Control.ExecuteAction(108) elseif m_simpleTV.Control.CurrentAddress:match('(.-)%.m3u8?') and (VideoTracksShowOSDMenu) then VideoTracksShowOSDMenu() end" />

    </node>

	<node class="BUTTON" id="SHOW_OSD_EPG_ID" typeAlign="2" cx="40" cy="40" x="-387" y="25">
       <image isalpha="1" autoScale="0" src="img\OSD\controlpanel\OsdEpgButton.png" tooltip="translateMe(EPG)" />
       <luascr OnClick="m_simpleTV.Control.ExecuteAction(38)" />
    </node>	

    <node class="BUTTON" id="REC_BUTTON_ID" typeAlign="2" cx="40" cy="40" x="-344" y="25">
       <image isalpha="0" autoScale="0" src="img\OSD\controlpanel\OSDRecButton.png" tooltip="translateMe(Record)"/>
    </node>

    <node class="BUTTON" id="USER_SHOW_WEATHER" typeAlign="2" cx="40" cy="40" x="-301" y="25">
	   <imagergn src="img\OSD\controlpanel\OsdWeatherButton.png" />
	   <image  isalpha="1"  autoScale="0" src="img\OSD\controlpanel\OsdWeatherButton.png" tooltip="translateMe(Weather Switch)"/>
	   <luascr OnClick="if weather_core then weather_core.Switch() end m_simpleTV.Control.ExecuteAction(31)"/>
    </node>

    <node class="BUTTON" type="1" id="USER_INFO_ID" typeAlign="2" cx="40" cy="40" x="-258" y="25">
       <image autoScale="0" src="img\OSD\controlpanel\OsdInfoButton.png" tooltip="translateMe(Information Switch)"/>
       <luascr OnClick="dofile(m_simpleTV.MainScriptDir .. 'user/westSide/switch.lua')" />
    </node>

    <node class="BUTTON" id="USER_PORTAL_ID"  typeAlign="2" cx="40" cy="40" x="258" y="25">
	    <image isalpha="1" autoScale="0" src="img\OSD\controlpanel\OsdPortalButton.png" tooltip="translateMe(Media Portal)" />
       <luascr OnClick="if m_simpleTV.User and m_simpleTV.User.westSide and m_simpleTV.User.westSide.PortalTable and m_simpleTV.User.westSide.PortalTable~=nil then show_portal_window() else run_westSide_portal() end" />
    </node>	 

	<node class="BUTTON" id="KEY_ADD_BOOKMARK" typeAlign="2" cx="40" cy="40" x="301" y="25">
       <image autoScale="0" src="img\OSD\controlpanel\OsdBookmarkButton.png" tooltip="translateMe(Add bookmark)"/>
       <luascr OnClick="m_simpleTV.Control.ExecuteAction(99)"/>
    </node>	

    <node class="BUTTON" id="EQU_BUTTON_ID" typeAlign="2" cx="40" cy="40" x="344" y="25">
       <image isalpha="0" autoScale="0" src="img\OSD\controlpanel\OsdEquButton.png" tooltip="translateMe(Show equalizer)"/>
       <image isalpha="0" autoScale="0" src="img\OSD\controlpanel\OsdEquButtonActive.png" tooltip="translateMe(Hide equalizer)"/>
    </node>

    <node class="BUTTON" id="MUTE_BUTTON_ID" checkable="1" typeAlign="2" cx="40" cy="40" x="385" y="25">
       <image isalpha="1" autoScale="0" src="img\OSD\controlpanel\OsdMuteButton.png" tooltip="translateMe(Mute)"/>   
       <image checked="1" isalpha="1" autoScale="0" src="img\OSD\controlpanel\OsdMuteOnButton.png" tooltip="translateMe(Mute off)"/>   
    </node>

    <node class="BUTTON" id="VOLUME_DOWN_BUTTON_ID" typeAlign="2" cx="40" cy="40" x="428" y="25"  auto="20">
       <image isalpha="0" autoScale="0" src="img\OSD\controlpanel\OsdVolumeButtonDown.png" tooltip="translateMe(Volume down)"/>
       <luascr OnClick="m_simpleTV.Control.ExecuteAction(62)"/>
    </node>

    <node class="BUTTON" id="VOLUME_UP_BUTTON_ID" typeAlign="2" cx="40" cy="40" x="471" y="25" auto="20">
       <image isalpha="0" autoScale="0" src="img\OSD\controlpanel\OsdVolumeButtonUp.png" tooltip="translateMe(Volume up)"/>
       <luascr OnClick="m_simpleTV.Control.ExecuteAction(61)"/>
    </node>

    <node class="BUTTON" id="SETTINGS_BUTTON_ID" typeAlign="2" cx="40" cy="40" x="514" y="25">
       <image isalpha="0" autoScale="0" src="img\OSD\controlpanel\OsdSetupButton.png" tooltip="translateMe(OSD Settings)"/>
       <luascr OnClick="m_simpleTV.Control.ExecuteAction(96)"/>
    </node>

    <node class="BUTTON" id="FULLSCR_BUTTON_ID" checkable="1" typeAlign="2" cx="40" cy="40" x="557" y="25">
       <image isalpha="0" autoScale="0" src="img\OSD\controlpanel\OSDFullScrButton.png" osdtooltip="translateMe(Fullscreen mode)"/>
       <image checked="1" isalpha="0" src="img\OSD\controlpanel\OSDFullScrButtonActive.png" osdtooltip="translateMe(Exit from fullscreen mode)"/>
    </node>
	
    <node class="BUTTON" id="POWER_BUTTON_ID" typeAlign="2" cx="40" cy="40" x="600" y="25">
       <image isalpha="0" autoScale="0" src="img\OSD\controlpanel\OsdPowerButton.png" tooltip="translateMe(Power)"/>
    </node>

 <node class="STATIC" id="EPG_LEFT_TEXT_ID" typeAlign="1" cx="60" cy="20" x="10" y="0" xb="0" yb="0">
   <font name="Calibri" height="14" bold="1" />
   <text aligment="0x1" color="0xff000000"/>
   <glow glow="4" extent="4" samples="7" color="0xB4E6E6E6"/>   
 </node>
 
  <node class="STATIC" id="EPG_RIGHT_TEXT_ID"  typeAlign="3" cx="60" cy="20" x="10" y="0" xb="0" yb="0">
   <font name="Calibri" height="14" bold="1" />
   <text  aligment="0x3" color="0xff000000"/>
   <glow glow="4" extent="4" samples="7" color="0xB4E6E6E6"/>   
 </node>

  <node class="STATIC" id="DRM_TEXT_ID" typeAlign="3" cx="35" cy="14" x="10" y="10" xb="0" yb="0">
   <font name="Calibri" height="12" bold="1" spacing="105" />
   <text value="drm" aligment="0x84" color="0xFFFF1010"/>
 </node>
 
 <node class="STATIC" id="TIME_TEXT_ID" typeAlign="3" cx="-140" cy="20" x="20" y="0" xb="0" yb="0">
   <font name="Calibri" height="14" weight="70" />
   <text aligment="0x82" color="0x99999999" />
   <background type="0" color1="0x77777777"/>
   <glow glow="1" extent="2" samples="2" color="0xB4E6E6E6"/>   
 </node>

 <node class="STATIC" id="UPPER_TEXT_ID" typeAlign="1" cx="-85" cy="30" x="100" y="0" xb="70" yb="0">
   <font name="Calibri" height="18" bold="1" />
   <text aligment="0x81" color="0xff000000"/>
   <glow glow="8" extent="4" samples="7" color="0xB4E6E6E6"/>
   <textscrollinfo step="1" delay="25" delayonstart="75"/>
 </node>
 
<!-- <node class="BUTTON" type="1" id="USER_L_EPG_ID" typeAlign="1" cx="30" cy="30" x="60" y="-5" xb="0" yb="0">-->
<!--   <image autoScale="0" src="img\OSD\controlpanel\epgminus.png" tooltip="translateMe(EPG slider decrease)"/>-->
<!--   <luascr OnClick="dofile(m_simpleTV.MainScriptDir .. 'user/westSide/EPG_minus.lua')" />-->
<!-- </node>-->

<!-- <node class="BUTTON" type="3" id="USER_R_EPG_ID" typeAlign="3" cx="30" cy="30" x="60" y="-5" xb="39" yb="0">-->
<!--   <image autoScale="0" src="img\OSD\controlpanel\epgplus.png" tooltip="translateMe(EPG slider increase)"/>-->
<!--   <luascr OnClick="dofile(m_simpleTV.MainScriptDir .. 'user/westSide/EPG_plus.lua')" />-->
<!-- </node>-->
 
 <node class="SLIDER" id="POS_SLIDER_ID"  typeAlign="1" cx="-85" cy="20" x="20" y="0" xb="0" listVisibleFollow="!USER_L_EPG_ID,!USER_R_EPG_ID,!UPPER_TEXT_ID">
   <imagecursor isalpha="0" duration="400" left="0" top="0" right="20" bottom="20" statecount="3" src="img\osd\controlpanel\BarCursor.png"/>
   <minmax min="0" max="10000" />   
   <markinfo showalways="0" color="0xffffffff" offset="13" size="4" width="2"/>
   <color>
    <enabledleft  color1="0xff5858FA" color2="0xff5858FA" type="2"/>
	<enabledright color1="0x5fffffff" color2="0x5fffffff" type="2"/>
	<disabled color1="0x5f5858FA" color2="0x5f5858FA" type="2"/>
   </color>
   <backgroundMargins marginLeft="0" marginTop="11" marginRight="0" marginBottom="11" />
 </node>
 
  <node class="SLIDER" id="EPG_SLIDER_ID"  typeAlign="2" cx="-85" cy="20" x="0" y="0" xb="-10" listVisibleFollow="!POS_SLIDER_ID,EPG_LEFT_TEXT_ID,EPG_RIGHT_TEXT_ID,!UPPER_TEXT_ID,!SPEED_TEXT_ID,!TIME_TEXT_ID,!DRM_TEXT_ID">
   <imageback isalpha="0" duration="400" statecount="2" src="img\VolBackSlider.png" />
   <imagecursor isalpha="0" duration="400" left="0" top="0" right="8" bottom="20" statecount="2" src="img\osd\controlpanel\OsdEPGCursor.png"/>      
   <minmax min="0" max="10000" />   
   <color>
    <enabledleft  color1="0x5fffffff" type="0"/>
	<enabledright color1="0x5fffffff" type="0"/>
	<partial color1="0x7f5858FF" type="0"/>
   </color>
   <markinfo showalways="1" color="0xff1E213D" offset="5" size="20" width="3" />
<!--   <backgroundMargins marginLeft="0" marginTop="38" marginRight="0" marginBottom="0" />-->
 </node>

 
</controlpanelF>
