<controlpanel useCustomEpgTooltip="1" ui="forms\osd\controlpanel\controlpanel.ui" typeAlign="0x0101" cx="-100" cy="75" x="0" y="10" yb="-10" xb="0" easingCurve="34">

 <background src="img\OSD\controlpanel\OsdControlPanel1.png" skip="57" size="3" setcy="1" usetransparent="0" can_glass="0" useSystemColorizationColor="0" type="0" color1="0x80000000"/>
 <resizeinfo resizeable="1" mincx="1250" />
 
 <node class="STATIC" id="SPEED_TEXT_ID" typeAlign="2" cx="42" cy="18" x="0" y="12" xb="0" yb="0">
   <font name="Calibri" height="12" weight="70" />
   <text aligment="0x84" color="0x99999999"/>
   <glow glow="1" extent="2" samples="2" color="0xB4E6E6E6"/>
 </node>

 <node class="BUTTON" id="PLAY_BUTTON_ID" typeAlign="2" cx="35" cy="35" x="-2" y="25">
   <image isalpha="0" autoScale="0" src="img\OSD\toolbar\PlayButton.png" tooltip="translateMe(Play)"/>
   <image isalpha="0" autoScale="0" src="img\OSD\toolbar\PauseButton.png" tooltip="translateMe(Pause)" /> 
 </node>

 <node class="BUTTON" id="FF_BUTTON_ID" typeAlign="2" cx="35" cy="35" x="43" y="25">
   <image isalpha="0" autoScale="0" src="img\OSD\toolbar\FFButton.png" tooltip="translateMe(Increase playback speed)"/>
 </node>

 <node class="BUTTON" id="FFJUMP_BUTTON_ID" auto="300" typeAlign="2" cx="35" cy="35" x="88" y="25">
   <image isalpha="0" autoScale="0" src="img\OSD\toolbar\FFJumpButton.png" tooltip="translateMe(Skip forward)"/>
 </node>

 <node class="BUTTON" id="NEXT_BUTTON_ID" typeAlign="2" cx="35" cy="35" x="193" y="25">
   <image isalpha="0" autoScale="0" src="img\OSD\toolbar\NextButton.png" tooltip="translateMe(Next channel/media)"/>
 </node>

 <node class="BUTTON" id="REW_BUTTON_ID" typeAlign="2" cx="35" cy="35" x="-47" y="25">
   <image isalpha="0" autoScale="0" src="img\OSD\toolbar\RewButton.png" tooltip="translateMe(Decrease playback speed)"/>
 </node>
 
 <node class="BUTTON" id="REWJUMP_BUTTON_ID" auto="300" typeAlign="2" cx="35" cy="35" x="-92" y="25">
   <image isalpha="0" autoScale="0" src="img\OSD\toolbar\RewJumpButton.png" tooltip="translateMe(Skip backward)"/>
 </node>

 <node class="BUTTON" id="PREV_BUTTON_ID" typeAlign="2" cx="35" cy="35" x="148" y="25">
   <image isalpha="0" autoScale="0" src="img\OSD\toolbar\PrevButton.png" tooltip="translateMe(Previous channel/media)"/>
 </node>
 
 <node class="BUTTON" id="STOP_BUTTON_ID" typeAlign="2" cx="35" cy="35" x="-152" y="25">
   <image isalpha="0" autoScale="0" src="img\OSD\toolbar\StopButton.png" tooltip="translateMe(Stop)"/>
 </node>
 
 <node class="BUTTON" id="USER_RESTART_BUTTON_ID" typeAlign="2" cx="35" cy="35" x="-197" y="25">
	  <image isalpha="0" autoScale="0" src="img\OSD\toolbar\ReplayButton.png" tooltip="translateMe(Restart)" />
	  <luascr OnClick="m_simpleTV.Control.ExecuteAction(63)" />
 </node>

 <node class="BUTTON" id="PLAYLST_BUTTON_ID" checkable="1" typeAlign="2" cx="35" cy="35" x="-604" y="25">
   <image isalpha="0" autoScale="0" src="img\OSD\toolbar\PlayListButton.png" tooltip="translateMe(Show playlist)"/>
   <image isalpha="0" autoScale="0" checked="1" src="img\OSD\toolbar\PlayListButtonActive.png" tooltip="translateMe(Hide playlist)"/>
 </node>
 		
    <node class="BUTTON" id="USER_SHOW_TVS_SELECT_SRC" typeAlign="2" cx="35" cy="35" x="-559" y="25">
       <image isalpha="0" autoScale="0" src="img\OSD\toolbar\MultiadressButton.png" tooltip="translateMe(Source selection)" />
       <luascr OnClick="if (tvs_core) and (TVSources_var.IsTVS == true) then dofile( m_simpleTV.MainScriptDir .. 'user/TVSources/selectsource.lua') else m_simpleTV.Control.ExecuteAction(108) end" />
    </node>

	<node class="BUTTON" id="SHOW_OSD_EPG_ID" typeAlign="2" cx="35" cy="35" x="-514" y="25">
       <image isalpha="0" autoScale="0" src="img\OSD\toolbar\EpgButton.png" tooltip="translateMe(EPG)" />
       <luascr OnClick="m_simpleTV.Control.ExecuteAction(38)" />
    </node>	 

    <node class="BUTTON" id="MUTE_BUTTON_ID" checkable="1" typeAlign="2" cx="35" cy="35" x="-447" y="25">
       <image isalpha="0" autoScale="0" statecount="1" src="img\OSD\toolbar\MuteButton.png" tooltip="translateMe(Mute)"/>   
       <image checked="1" isalpha="0" autoScale="0" statecount="1" src="img\OSD\toolbar\MuteOnButton.png" tooltip="translateMe(Mute off)"/>   
    </node>

    <node class="BUTTON" id="VOLUME_DOWN_BUTTON_ID" typeAlign="2" cx="35" cy="35" x="-402" y="25"  auto="20">
       <image isalpha="0" autoScale="0" src="img\OSD\toolbar\VolumeButtonDown.png" tooltip="translateMe(Volume down)"/>
       <luascr OnClick="m_simpleTV.Control.ExecuteAction(62)"/>
    </node>

    <node class="BUTTON" id="VOLUME_UP_BUTTON_ID" typeAlign="2" cx="35" cy="35" x="-367" y="25" auto="20">
       <image isalpha="0" autoScale="0" src="img\OSD\toolbar\VolumeButtonUp.png" tooltip="translateMe(Volume up)"/>
       <luascr OnClick="m_simpleTV.Control.ExecuteAction(61)"/>
    </node>	
	
	<node class="BUTTON" id="KEY_ALLCONTROL_ID" typeAlign="2" cx="35" cy="35" x="-322" y="25">
       <image isalpha="0" autoScale="0" src="img\OSD\toolbar\AllControlButton.png" tooltip="translateMe(Controls)"/>
       <luascr OnClick="m_simpleTV.Control.ExecuteAction(160)"/>
    </node>

	<node class="BUTTON" id="KEY_ADD_BOOKMARK" typeAlign="2" cx="35" cy="35" x="325" y="25">
       <image isalpha="0" autoScale="0" src="img\OSD\toolbar\BookmarkButton.png" tooltip="translateMe(Add bookmark)"/>
       <luascr OnClick="m_simpleTV.Control.ExecuteAction(99)"/>
    </node>	

    <node class="BUTTON" id="USER_PORTAL_ID" typeAlign="2" cx="35" cy="35" x="366" y="25">
	    <image isalpha="0" autoScale="0" src="img\OSD\toolbar\PortalButton.png" tooltip="translateMe(Media Portal)" />
   <luascr OnClick="if m_simpleTV.User and m_simpleTV.User.westSide and m_simpleTV.User.westSide.PortalTable and m_simpleTV.User.westSide.PortalTable~=nil then show_portal_window() elseif m_simpleTV.User and m_simpleTV.User.hookLocalFiles and m_simpleTV.User.hookLocalFiles.isActive and m_simpleTV.User.hookLocalFiles.isActive==true then ShowHookLyric() elseif m_simpleTV.User and m_simpleTV.User.Radio and m_simpleTV.User.Radio.WinHead and m_simpleTV.User.Radio.WinHead~=nil then ShowRadioLyric() else run_westSide_portal() end" />
    </node>	

    <node class="BUTTON" type="1" id="USER_INFO_ID" typeAlign="2" cx="35" cy="35" x="407" y="25">
       <image isalpha="0" autoScale="0" src="img\OSD\toolbar\InfoButton.png" tooltip="translateMe(Information Switch)"/>
       <luascr OnClick="dofile(m_simpleTV.MainScriptDir .. 'user/westSide/switch.lua')" />
    </node>
	
    <node class="BUTTON" id="FULLSCR_BUTTON_ID" checkable="1" typeAlign="2" cx="35" cy="35" x="453" y="25">
       <image isalpha="0" autoScale="0" src="img\OSD\toolbar\FullScrButton.png" osdtooltip="translateMe(Fullscreen mode)"/>
       <image checked="1" isalpha="0" autoScale="0" src="img\OSD\toolbar\FullScrButtonActive.png" osdtooltip="translateMe(Exit from fullscreen mode)"/>
    </node>
	
  <node class="BUTTON" id="CONTROL_PANEL_BUTTON_ID" typeAlign="2" cx="35" cy="35" x="503" y="25">
   <image isalpha="0" autoScale="0" src="img\OSD\toolbar\HideControlButton.png" tooltip="translateMe(Hide control)"/>
   <luascr OnClick="m_simpleTV.Control.ExecuteAction(72)"/>
 </node>	

 <node class="BUTTON" id="CLOSE_BUTTON_ID" typeAlign="2" cx="35" cy="35" x="553" y="25">
   <image isalpha="0" autoScale="0" src="img\OSD\toolbar\CloseButton.png" tooltip="translateMe(Exit)"/>
 </node>
	
    <node class="BUTTON" id="POWER_BUTTON_ID" typeAlign="2" cx="35" cy="35" x="598" y="25">
       <image isalpha="0" autoScale="0" src="img\OSD\toolbar\PowerButton.png" tooltip="translateMe(Power)"/>
    </node>

 <node class="STATIC" id="EPG_LEFT_TEXT_ID" typeAlign="1" cx="60" cy="20" x="18" y="0" xb="0" yb="0">
   <font name="Calibri" height="14" bold="1" />
   <text aligment="0x1" color="0xff000000"/>
   <glow glow="4" extent="4" samples="7" color="0xB4E6E6E6"/>   
 </node>
 
  <node class="STATIC" id="EPG_RIGHT_TEXT_ID"  typeAlign="3" cx="60" cy="20" x="18" y="0" xb="0" yb="0">
   <font name="Calibri" height="14" bold="1" />
   <text  aligment="0x3" color="0xff000000"/>
   <glow glow="4" extent="4" samples="7" color="0xB4E6E6E6"/>   
 </node>

  <node class="STATIC" id="DRM_TEXT_ID" typeAlign="3" cx="35" cy="14" x="18" y="10" xb="0" yb="0">
   <font name="Calibri" height="12" bold="1" spacing="105" />
   <text value="drm" aligment="0x84" color="0xFFFF1010"/>
 </node>
 
 <node class="STATIC" id="TIME_TEXT_ID" typeAlign="3" cx="-140" cy="20" x="28" y="0" xb="0" yb="0">
   <font name="Calibri" height="14" weight="70" />
   <text aligment="0x82" color="0x99999999" />
   <background type="0" color1="0x77777777"/>
   <glow glow="1" extent="2" samples="2" color="0xB4E6E6E6"/>   
 </node>

 <node class="STATIC" id="UPPER_TEXT_ID" typeAlign="1" cx="-85" cy="30" x="108" y="0" xb="70" yb="0">
   <font name="Calibri" height="18" bold="1" />
   <text aligment="0x81" color="0xff000000"/>
   <glow glow="8" extent="4" samples="7" color="0xB4E6E6E6"/>
   <textscrollinfo step="1" delay="25" delayonstart="75"/>
 </node>
 
<!-- <node class="BUTTON" type="1" id="USER_L_EPG_ID" typeAlign="1" cx="35" cy="35" x="48" y="-8" xb="0" yb="0">-->
<!--   <image isalpha="0" autoScale="0" src="img\OSD\controlpanel\epgminus.png" tooltip="translateMe(EPG slider decrease)"/>-->
<!--   <luascr OnClick="dofile(m_simpleTV.MainScriptDir .. 'user/westSide/EPG_minus.lua')" />-->
<!-- </node>-->

<!-- <node class="BUTTON" type="3" id="USER_R_EPG_ID" typeAlign="3" cx="35" cy="35" x="52" y="-8" xb="39" yb="0">-->
<!--   <image isalpha="0" autoScale="0" src="img\OSD\controlpanel\epgplus.png" tooltip="translateMe(EPG slider increase)"/>-->
<!--   <luascr OnClick="dofile(m_simpleTV.MainScriptDir .. 'user/westSide/EPG_plus.lua')" />-->
<!-- </node>-->
 
 <node class="SLIDER" id="POS_SLIDER_ID"  typeAlign="1" cx="-85" cy="20" x="20" y="0" xb="0" listVisibleFollow="!USER_L_EPG_ID,!USER_R_EPG_ID,!UPPER_TEXT_ID">
   <imagecursor isalpha="0" autoScale="0" duration="400" left="0" top="0" right="20" bottom="20" statecount="3" src="img\osd\controlpanel\BarCursor.png"/>
   <minmax min="0" max="10000" />   
   <markinfo showalways="0" color="0xffffffff" offset="13" size="4" width="2"/>
   <color>
    <enabledleft  color1="0x5f5858FA" color2="0x5f5858FA" type="2"/>
	<enabledright color1="0x55ffffff" color2="0x55ffffff" type="2"/>
	<disabled color1="0x5f5858FA" color2="0x5f5858FA" type="2"/>
   </color>
   <backgroundMargins marginLeft="0" marginTop="11" marginRight="0" marginBottom="11" />
 </node>
 
  <node class="SLIDER" id="EPG_SLIDER_ID"  typeAlign="2" cx="-85" cy="20" x="-1" y="0" xb="-10" listVisibleFollow="!POS_SLIDER_ID,EPG_LEFT_TEXT_ID,EPG_RIGHT_TEXT_ID,!UPPER_TEXT_ID,!SPEED_TEXT_ID,!TIME_TEXT_ID,!DRM_TEXT_ID">
   <imageback isalpha="0" autoScale="0" duration="400" statecount="2" src="img\VolBackSlider.png" />
   <imagecursor isalpha="0" autoScale="0" duration="400" left="0" top="0" right="8" bottom="20" statecount="2" src="img\osd\controlpanel\OsdEPGCursor.png"/>      
   <minmax min="0" max="10000" />   
   <color>
    <enabledleft  color1="0xafffffff" type="0"/>
	<enabledright color1="0xafffffff" type="0"/>
	<partial color1="0x7f5858FF" type="0"/>
   </color>
   <markinfo showalways="1" color="0xff1E213D" offset="5" size="20" width="3" />
<!--   <backgroundMargins marginLeft="0" marginTop="38" marginRight="0" marginBottom="0" />-->
 </node> 

 
</controlpanel>
