<playlistMenu>
 <NewChannel src="img/menu/playlist/NewChannel.png"/>-->
 <NewGroup src="img/menu/playlist/NewGroup.png"/>-->
 <AddFile src="img/menu/playlist/AddFile.png"/>-->
 <AddFolder src="img/menu/playlist/AddFolder.png"/>-->
 <OpenFolder src="img/menu/playlist/OpenFolder.png"/>-->
 <Delete src="img/menu/playlist/Delete.png"/>-->
 <DeleteAll src="img/menu/playlist/DeleteAll.png"/>-->
 <ShowCurrentChannel src="img/menu/playlist/ShowCurrentChannel.png"/>-->
 <UpdateEpg src="img/menu/playlist/UpdateEpg.png"/>-->
 <LoadPlaylist src="img/menu/playlist/LoadPlaylist.png"/>-->
 <UnloadPlayilst src="img/menu/playlist/save.png"/>-->
 <RefreshChannel src="img/menu/playlist/RefreshChannel.png"/>-->
 <FilterByName src="img/menu/playlist/FilterByName.png"/>-->
 <DeleteFilter src="img/menu/playlist/DeleteFilter.png"/>--
 <SelectAll src="img/menu/playlist/SelectAll.png"/>--
 <Record src="img/menu/playlist/Record.png"/>-->
 <PlayInPiP src="img/menu/playlist/PIP.png"/>-->
 <CheckSelectedChannel src="img/menu/playlist/CheckSelectedChannel.png"/>-->
 <SurfingOnSelectedChannels src="img/menu/playlist/SurfingOnSelectedChannels.png"/>-->
 <ClearLastPosition src="img/menu/playlist/ClearLastPosition.png"/>-->
 <MoveToGroup src="img/menu/playlist/MoveToGroup.png"/>-->
 <Miscellaneous src="img/menu/playlist/Miscellaneous.png"/>-->
 <Additional src="img/menu/playlist/Additional.png"/>-->
 <QuickEPG src="img/menu/playlist/EPG.png"/>-->
 <Sorting src="img/menu/playlist/Sorting.png"/>-->
 <SortingGroup src="img/menu/playlist/Group.png"/>-->
</playlistMenu>
<osdPlaylistMenu>
 <MoveToGroup src="img/menu/playlist/MoveToGroup.png"/>-->
 <AddFile src="img/menu/playlist/AddFile.png"/>-->
 <AddFolder src="img/menu/playlist/AddFolder.png"/>-->
 <OpenFolder src="img/menu/playlist/OpenFolder.png"/>-->
 <Delete src="img/menu/playlist/Delete.png"/>-->
 <DeleteAll src="img/menu/playlist/DeleteAll.png"/>-->
 <ShowCurrentChannel src="img/menu/playlist/ShowCurrentChannel.png"/>-->
 <UpdateEpg src="img/menu/playlist/UpdateEpg.png"/>-->
 <LoadPlaylist src="img/menu/playlist/LoadPlaylist.png"/>-->
 <UnloadPlayilst src="img/menu/playlist/save.png"/>-->
 <RefreshChannel src="img/menu/playlist/RefreshChannel.png"/>-->
 <QuickEPG src="img/menu/playlist/QuickEPG .png"/>-->
 <Miscellaneous src="img/menu/playlist/Miscellaneous.png"/>-->
 <FilterByName src="img/menu/playlist/FilterByName.png"/>-->
 <DeleteFilter src="img/menu/playlist/DeleteFilter.png"/>-->
 <SelectAll src="img/menu/playlist/SelectAll.png"/>-->
 <Additional src="img/menu/playlist/Additional.png"/>-->
 <Sorting src="img/menu/playlist/Sorting.png"/>-->
 <SortingGroup src="img/menu/playlist/SortingGroup.png"/>-->
 <Record src="img/menu/playlist/Record.png"/>-->
 <PlayInPiP src="img/menu/playlist/PIP.png"/>-->
 <CheckSelectedChannel src="img/menu/playlist/PIP.png"/>-->
 <SurfingOnSelectedChannels src="img/menu/playlist/PIP.png"/>-->
 <ClearLastPosition src="img/menu/playlist/ClearLastPosition.png"/>-->
</osdPlaylistMenu>
<extFilterMenu>
 <Up src="img/menu/playlist/Up.png"/>-->
 <Down src="img/menu/playlist/Down.png"/>-->
 <New src="img/menu/playlist/New.png"/>-->
 <Edit src="img/menu/playlist/Edit.png"/>-->
 <EditAttached src="img/menu/playlist/EditAttached.png"/>-->
 <DetachPlaylist src="img/menu/playlist/DetachPlaylist.png"/>-->
 <RefreshAttached src="img/menu/playlist/RefreshAttached.png"/>-->
 <AttachPlaylistTo src="img/menu/playlist/AttachPlaylistTo.png"/>-->
 <AttachPlaylistDisabled src="img/menu/playlist/AttachPlaylistDisabled.png"/>-->
 <Delete src="img/menu/playlist/Delete.png"/>-->
 <DeleteAll src="img/menu/playlist/DeleteAll.png"/>-->
 <TypeOfSwitches src="img/menu/playlist/TypeOfSwitches.png"/>-->
</extFilterMenu>
<systemTrayMenu>
 <HideShow src="img/menu/playlist/HideShow.png"/>-->
 <RestoreRaise src="img/menu/playlist/RestoreRaise.png"/>-->
 <Raise src="img/menu/playlist/Raise.png"/>-->
 <StopAllAndQuit src="img/menu/playlist/StopAllAndQuit.png"/>-->
 <Exit src="img/menu/playlist/Exit.png"/>-->
 <PlayPause src="img/menu/playlist/PlayPause.png"/>-->
 <Stop src="img/menu/playlist/Stop.png"/>-->
 <ShowPreferences src="img/menu/playlist/ShowPreferences.png"/>-->
 <ShowScheduler src="img/menu/playlist/ShowScheduler.png"/>-->
 <ChannelsList src="img/menu/playlist/ChannelList.png"/>-->
</systemTrayMenu>
<mainMenu>
 <File src="img/menu/mainmenu/File.png"/>-->
 <RecentMedia src="img/menu/mainmenu/RecentMedia.png"/>-->
 <RecentMediaDeleteAll src="img/menu/mainmenu/RecentMediaDeleteAll.png"/>-->
 <Control src="img/menu/mainmenu/Control.png"/>-->
 <Bookmarks src="img/menu/mainmenu/Bookmarks.png"/>-->
 <MultiAddress src="img/menu/mainmenu/MultiAddress.png"/>-->
 <ControlTitle src="img/menu/mainmenu/ControlTitle.png"/>-->
 <ControlChapter src="img/menu/mainmenu/ControlChapter.png"/>-->
 <ControlChapterItems src="img/menu/mainmenu/ControlChapterItems.png"/>-->

 <Playlist src="img/menu/mainmenu/Playlist.png"/>-->
 <PlaylistPlayMode src="img/menu/mainmenu/PlaylistPlayMode.png"/>-->

 <Record src="img/menu/mainmenu/Record.png"/>-->
 <Setting src="img/menu/mainmenu/Setting.png"/>-->
    
 <View src="img/menu/mainmenu/View.png"/>-->
 <ViewSzie src="img/menu/mainmenu/ViewSzie.png"/>-->

 <Epg src="img/menu/mainmenu/EPG.png"/>-->
 <EpgUpdateSource src="img/menu/mainmenu/UpdateEpg.png"/>-->

 <Power src="img/menu/mainmenu/Power.png"/>-->
    
 <Subtitle src="img/menu/mainmenu/Subtitle.png"/>-->
 <SubtitleTrack src="img/menu/mainmenu/SubtitleTrack.png"/>-->
 <SubtitleCoding src="img/menu/mainmenu/SubtitleCoding.png"/>-->
    
 <Video src="img/menu/playlist/Video.png"/>-->
 <Video_VTrack src="img/menu/playlist/Video_VTrack.png"/>-->
 <Video_Deint src="img/menu/playlist/Video_Deint.png"/>-->
 <Video_Crop src="img/menu/playlist/Video_Crop.png"/>-->
 <Video_Ratio src="img/menu/playlist/Video_Ratio.png"/>-->
 <Video_Postproc src="img/menu/playlist/Video_Postproc.png"/>-->
    
 <Audio src="img/menu/mainmenu/Audio.png"/>-->
 <Audio_ATrack src="img/menu/mainmenu/Audio_ATrack.png"/>-->
 <Audio_SpeakerConfig src="img/menu/mainmenu/Audio_SpeakerConfig.png"/>-->
 <Audio_Device src="img/menu/mainmenu/Audio_Device.png"/>-->
 <Audio_Visual src="img/menu/mainmenu/Audio_Visual.png"/>-->

 <Tools src="img/menu/mainmenu/Tools.png"/>-->
 <Help src="img/menu/mainmenu/Help.png"/>-->
 <LuaAdditional src="img/menu/mainmenu/LuaAdditional.png"/>-->
 
 <MinimizeToTray src="img/menu/mainmenu/MinimizeToTray.png"/>-->
 <Quit src="img/menu/mainmenu/Quit.png"/>-->
 
 <Play src="img/menu/mainmenu/Play.png"/>-->
 <Stop src="img/menu/mainmenu/Stop.png"/>-->
 <Restart src="img/menu/mainmenu/Restart.png"/>-->
 <SkipForward src="img/menu/mainmenu/SkipForward.png"/>-->
 <SkipBackward src="img/menu/mainmenu/SkipBackward.png"/>-->
 <LongSkipForward src="img/menu/mainmenu/LongSkipForward.png"/>-->
 <LongSkipBackward src="img/menu/mainmenu/LongSkipBackward.png"/>-->
 
 <FastPlayRate src="img/menu/mainmenu/FastPlayRate.png"/>-->
 <NormalPlayRate src="img/menu/mainmenu/NormalPlayRate.png"/>-->
 <IncreasePlayRate src="img/menu/mainmenu/IncreasePlayRate.png"/>-->
 <DecreasePlayRate src="img/menu/mainmenu/DecreasePlayRate.png"/>-->
  
 <PlaySelectedChannelInPiP src="img/menu/mainmenu/PlaySelectedChannelInPiP.png"/>-->
 <SwapThePiPSound src="img/menu/mainmenu/SwapThePiPSound.png"/>-->
 <RestartPlaybackInTheCurrentPiP src="img/menu/mainmenu/RestartPlaybackInTheCurrentPiP.png"/>-->
 
 <ControlsOnOsd src="img/menu/mainmenu/ControlsOnOsd.png"/>-->
 
 <ChaptersOnOSD src="img/menu/mainmenu/ControlsOnOsd.png"/>-->
 <NextChapter src="img/menu/mainmenu/NextChapter.png"/>-->
 <PreviousChapter src="img/menu/mainmenu/PreviousChapter.png"/>-->
 
 <OptionsOnOSD src="img/menu/mainmenu/OptionsOnOSD.png"/>-->
 
 <ChannelBackward src="img/menu/mainmenu/ChannelBackward.png"/>-->
 <ChannelForward src="img/menu/mainmenu/ChannelForward.png"/>-->
 <PreviousChannel src="img/menu/mainmenu/PreviousChannel.png"/>-->
 <ShowCurrentChannel src="img/menu/mainmenu/ShowCurrentChannel.png"/>-->
 
 <ParentalModeOff src="img/menu/mainmenu/ParentalModeOff.png"/>-->
 <ParentalModeOn src="img/menu/mainmenu/ParentalModeOn.png"/>-->
 
 <ShowHidePlaylist src="img/menu/mainmenu/ShowHidePlaylist.png"/>-->
 <ShowHidePlaylistOnOSD src="img/menu/mainmenu/ShowHidePlaylistOnOSD.png"/>-->
 <SwitchingPlaylistTabs src="img/menu/mainmenu/SwitchingPlaylistTabs.png"/>-->
 <AdvancedFilterOnOSD src="img/menu/mainmenu/AdvancedFilterOnOSD.png"/>-->
 
 <FavoriteChannelsMedia src="img/menu/mainmenu/FavoriteChannelsMedia.png"/>-->
 <AddRemoveChannelToFavourites src="img/menu/mainmenu/AddRemoveChannelToFavourites.png"/>-->

 <ShowPiP src="img/menu/mainmenu/ShowPiP.png"/>-->
 <ShowMPiP src="img/menu/mainmenu/ShowMPiP.png"/>-->
 <ShowPreviewPiP src="img/menu/mainmenu/ShowPreviewPiP.png"/>-->
 
 <ChannelInfo src="img/menu/mainmenu/ChannelInfo.png"/>-->
 
 <LoadPlaylist src="img/menu/mainmenu/LoadPlaylist.png"/>-->
 <UnloadPlaylist src="img/menu/mainmenu/save.png"/>-->
 <RefreshPlaylist src="img/menu/mainmenu/RefreshPlaylist.png"/>-->
  
 <AlwaysOnTop src="img/menu/mainmenu/AlwaysOnTop.png"/>-->
 <Fullscreen src="img/menu/mainmenu/Fullscreen.png"/>-->
 <CompactMode src="img/menu/mainmenu/CompactMode.png"/>-->
 <SizeLockMode src="img/menu/mainmenu/SizeLockMode.png"/>-->
 <ControlPanel src="img/menu/mainmenu/ControlPanel.png"/>-->
 <ScalingWindowToFitVideo src="img/menu/mainmenu/ScalingWindowToFitVideo.png"/>-->
 <OriginalVideoSize src="img/menu/mainmenu/OriginalVideoSize.png"/>-->
 <OriginalVideoSizeDIV2 src="img/menu/mainmenu/OriginalVideoSizeDIV2.png"/>-->
 <OriginalVideoSizeMUL2 src="img/menu/mainmenu/OriginalVideoSizeMUL2.png"/>-->
 
 <ShowEpg src="img/menu/mainmenu/ShowEpg.png"/>-->
 <ShowOsdEpg  src="img/menu/mainmenu/ShowOsdEpg.png"/>-->
 <UpdateEpg  src="img/menu/mainmenu/UpdateEpg.png"/>-->
 <AbortUpdateEpg src="img/menu/mainmenu/AbortUpdateEpg.png"/>-->
 
 <SubtitleDisableAtStart src="img/menu/mainmenu/SubtitleDisableAtStart.png"/>-->
 <SubtitleAutodetect src="img/menu/mainmenu/SubtitleAutodetect.png"/>-->
 <LoadSubtitleFile src="img/menu/mainmenu/LoadSubtitleFile.png"/>-->
 
 <About src="img/menu/mainmenu/tv.ico"/>-->
 <AboutQt src="img/menu/mainmenu/aboutQt.png"/>-->
 <Homepage src="img/menu/mainmenu/Homepage.png"/>-->
 <Bugtracker src="img/menu/mainmenu/Bugtracker.png"/>-->
 
 <QuickRecord src="img/menu/mainmenu/QuickRecord.png"/>-->
 <QuickRecordFromPiP src="img/menu/mainmenu/QuickRecordFromPiP.png"/>-->
 <StopQuickRecord src="img/menu/mainmenu/StopQuickRecord.png"/>-->
 <SchedulerOnOSD src="img/menu/mainmenu/SchedulerOnOSD.png"/>-->
 <Scheduler src="img/menu/mainmenu/Scheduler.png"/>-->
 <DumpToFile src="img/menu/mainmenu/DumpToFile.png"/>-->
 <Snapshot src="img/menu/mainmenu/Snapshot.png"/>-->
 <OpenRecordFolder src="img/menu/mainmenu/OpenRecordFolder.png"/>-->
 
 <TurnOff src="img/menu/mainmenu/TurnOff.png"/>-->
 <ShutdownComputer src="img/menu/mainmenu/ShutdownComputer.png"/>-->
 <RestartComputer src="img/menu/mainmenu/RestartComputer.png"/>-->
 <SleepTimer src="img/menu/mainmenu/SleepTimer.png"/>-->
 <ExitTimer src="img/menu/mainmenu/ExitTimer.png"/>-->
 
 <OpenFile src="img/menu/mainmenu/OpenFile.png"/>-->
 <OpenUrl src="img/menu/mainmenu/OpenUrl.png"/>-->
 <OpenClipborad src="img/menu/mainmenu/OpenClipborad.png"/>-->
 
 <AddBookmark src="img/menu/mainmenu/AddBookmark.png"/>-->
 <BookmarkOnOsd src="img/menu/mainmenu/BookmarkOnOsd.png"/>-->
 
 <MultiAddressOsd src="img/menu/mainmenu/MultiAddressOsd.png"/>-->
 
 <ShowScaner src="img/menu/mainmenu/ShowScaner.png"/>-->
 <ShowMediaInfo src="img/menu/mainmenu/ShowMediaInfo.png"/>-->
 <ShowMessage src="img/menu/mainmenu/ShowMessage.png"/>-->
</mainMenu>
<channelsMenu>
 <Next src="img/menu/mainmenu/Next.png"/>-->
 <ExtFilter src="img/menu/mainmenu/ExtFilter.png"/>-->
 <Folder src="img/menu/mainmenu/Folder.png"/>-->
 <Playing src="img/menu/mainmenu/Playing.png"/>-->
 <Favorite src="img/menu/mainmenu/Favorite.png"/>-->
</channelsMenu> 
<mainConfig>
 <Picture src="img/menu/mainmenu/Picture.png"/>-->
 <PictureAdjust  src="img/menu/mainmenu/PictureAdjust.png"/>-->
 <Control src="img/menu/mainmenu/Control.png"/>-->
 <ControlLirc src="img/menu/mainmenu/ControlLirc.png"/>-->
 <ControlMouse src="img/menu/mainmenu/ControlMouse.png"/>-->
 <ControlExt src="img/menu/mainmenu/Control.png"/>-->
 
 <Net src="img/menu/mainmenu/Net.png"/>-->
 <NetChache src="img/menu/mainmenu/NetChache.png"/>-->
 <NetProxy src="img/menu/mainmenu/NetProxy.png"/>-->
 <NetProxyScripts src="img/menu/mainmenu/NetProxyScripts.png"/>-->
 
 <Osd src="img/menu/mainmenu/Osd.png"/>-->
 <OsdExtra src="img/menu/mainmenu/OsdExtra.png"/>-->
 <OsdControlPanel src="img/menu/mainmenu/OsdControlPanel.png"/>-->
 <OsdSinglePiP src="img/menu/mainmenu/OsdSinglePiP.png"/>-->
 <PreviewPiP src="img/menu/mainmenu/PreviewPiP.png"/>-->
 <MultiPiP src="img/menu/mainmenu/MultiPiP.png"/>-->
 
 <View src="img/menu/mainmenu/View.png"/>-->
 <ViewWallpaper src="img/menu/mainmenu/ViewWallpaper.png"/>-->
 <ViewPlaylist src="img/menu/mainmenu/ViewPlaylist.png"/>-->
 <ViewControlPanelBase src="img/menu/mainmenu/ViewControlPanelBase.png"/>-->
 <ViewSkin src="img/menu/mainmenu/ViewSkin.png"/>-->
 
 <Sound src="img/menu/mainmenu/Sound.png"/>-->
 <SoundDirectX src="img/menu/mainmenu/SoundDirectX.png"/>-->
 <SoundWave src="img/menu/mainmenu/SoundWave.png"/>-->
 <SoundVisualization src="img/menu/mainmenu/SoundVisualization.png"/>-->
 <SoundVisualizationProjectM src="img/menu/mainmenu/SoundVisualizationProjectM.png"/>-->
 
 <Video src="img/menu/mainmenu/Video.png"/>-->
 <VideoOutput src="img/menu/mainmenu/VideoOutput.png"/>-->
 <VideoOutputDirectX src="img/menu/mainmenu/VideoOutputDirectX.png"/>-->
 <VideoOutputDirect3D9 src="img/menu/mainmenu/VideoOutputDirect3D9.png"/>-->
 <VideoModules src="img/menu/mainmenu/VideoModules.png"/>-->
 <VideoAVCodec src="img/menu/mainmenu/VideoAVCodec.png"/>-->
 
 <Subtitle src="img/menu/mainmenu/Subtitle.png"/>-->
 <SubtitleTextRenderer src="img/menu/mainmenu/SubtitleTextRenderer.png"/>-->
 
 <Records src="img/menu/mainmenu/Record.png"/>-->
 <Snapshot src="img/menu/mainmenu/Snapshot.png"/>-->
 
 <Scheduler src="img/menu/mainmenu/Scheduler.png"/>-->
 
 <Epg src="img/menu/mainmenu/Epg.png"/>-->
 
 <Playback src="img/menu/mainmenu/Playback.png"/>-->
 <PlaybackWatchdog src="img/menu/mainmenu/PlaybackWatchdog.png"/>-->
 
 <Timeshift src="img/menu/mainmenu/Timeshift.png"/>-->
 
 <System src="img/menu/mainmenu/System.png"/>-->
 <SystemShutdown src="img/menu/mainmenu/SystemShutdown.png"/>-->
 <SystemPreferences src="img/menu/mainmenu/SystemPreferences.png"/>-->
 <SystemScreensaver src="img/menu/mainmenu/SystemScreensaver.png"/>-->
 
 <ParentalControl src="img/menu/mainmenu/ParentalControl.png"/>-->
 
 <Language src="img/menu/mainmenu/Language.png"/>-->
 
 <Extended src="img/menu/mainmenu/Extended.png"/>-->
</mainConfig> 
