<controlpanel useCustomEpgTooltip="1" ui="forms\osd\controlpanel\controlpanel.ui" typeAlign="0x0101" cx="-100" cy="100" x="0" y="5" yb="0" xb="0" easingCurve="34">
<background src="img\OsdControlPanel.png" skip="10" size="2" setcy="1" usetransparent="1" can_glass="0" useSystemColorizationColor="0" type="0" color1="0x00000000"/>
 <resizeinfo resizeable="1" mincx="1250" />
 
 <node class="STATIC" id="UPPER_TEXT_ID" typeAlign="1" cx="-100" cy="17" x="8" y="2" xb="109" yb="0">
   <font name="Calibri" height="14" bold="1" />
   <text aligment="0x81" color="0xFEF8F8F8"/>
   <glow glow="0" samples="4" color="0xB4E6E6E6"/>
   <textscrollinfo step="1" delay="25" delayonstart="75"/>
 </node>

 <node class="STATIC" id="SPEED_TEXT_ID" toolTipView="UPPER_TEXT_ID" typeAlign="2" cx="40" cy="12" x="0" y="47" xb="0" yb="0">
   <font name="Calibri" height="11" bold="1" />
   <text aligment="0x84" color="0xFE3C3C3C"/>
 </node>
 
 <node class="STATIC" id="DRM_TEXT_ID" toolTipView="UPPER_TEXT_ID" typeAlign="3" cx="35" cy="12" x="10" y="102" xb="0" yb="0">
   <font name="Calibri" height="12" bold="1" spacing="105" />
   <text value="drm" aligment="0x84" color="0xFFFF1010"/>
 </node>
 
 <node class="STATIC" id="TIME_TEXT_ID" toolTipView="UPPER_TEXT_ID" typeAlign="3" cx="130" cy="13" x="5" y="2" xb="0" yb="0">
   <font name="Calibri" height="12" bold="1" />
   <text aligment="0x82" color="0xC0F8F8F8" />
   <margins marginRight="3"/>
   <background type="0" color1="0x501010C0"/>  
 </node>

 <node class="BUTTON" id="PLAY_BUTTON_ID"  toolTipView="UPPER_TEXT_ID" typeAlign="2" cx="60" cy="60" x="0" y="45">
   <image isalpha="0" autoScale="0" src="img\controlpanel\PlayButton.png" tooltip="translateMe(Play)"/>
   <image isalpha="0" autoScale="0" src="img\controlpanel\PauseButton.png" tooltip="translateMe(Pause)" /> 
 </node>

 <node class="BUTTON" id="FF_BUTTON_ID" toolTipView="UPPER_TEXT_ID" typeAlign="2" cx="60" cy="60" x="60" y="45">
   <image isalpha="0" autoScale="0" src="img\controlpanel\FFButton.png" tooltip="translateMe(Increase playback speed)"/>
 </node>

 <node class="BUTTON" id="FFJUMP_BUTTON_ID" auto="300" toolTipView="UPPER_TEXT_ID" typeAlign="2" cx="60" cy="60" x="120" y="45">
   <image isalpha="0" autoScale="0" src="img\controlpanel\FFJumpButton.png" tooltip="translateMe(Skip forward)"/>
 </node>

 <node class="BUTTON" id="NEXT_BUTTON_ID" toolTipView="UPPER_TEXT_ID" typeAlign="2" cx="60" cy="60" x="234" y="45">
   <image isalpha="0" autoScale="0" src="img\controlpanel\NextButton.png" tooltip="translateMe(Next channel/media)"/>
 </node>

 <node class="BUTTON" id="REW_BUTTON_ID"  toolTipView="UPPER_TEXT_ID" typeAlign="2" cx="60" cy="60" x="-60" y="45">
   <image isalpha="0" autoScale="0" src="img\controlpanel\RewButton.png" tooltip="translateMe(Decrease playback speed)"/>
 </node>

 <node class="BUTTON" id="REWJUMP_BUTTON_ID" auto="1" toolTipView="UPPER_TEXT_ID" typeAlign="2" cx="60" cy="60" x="-120" y="45">
   <image isalpha="0" autoScale="0" src="img\controlpanel\RewJumpButton.png" tooltip="translateMe(Skip backward)"/>
 </node>

 <node class="BUTTON" id="PREV_BUTTON_ID" toolTipView="UPPER_TEXT_ID" typeAlign="2" cx="60" cy="60" x="180" y="45">
   <image isalpha="0" autoScale="0" src="img\controlpanel\PrevButton.png" tooltip="translateMe(Previous channel/media)"/>
 </node>

 <node class="BUTTON" id="STOP_BUTTON_ID" toolTipView="UPPER_TEXT_ID" typeAlign="2" cx="60" cy="60" x="-180" y="45">
   <image isalpha="0" autoScale="0" src="img\controlpanel\StopButton.png" tooltip="translateMe(Stop)"/>
 </node>
 
 <node class="BUTTON" id="RESTART_BUTTON_ID" toolTipView="UPPER_TEXT_ID" typeAlign="2" cx="60" cy="60" x="-234" y="45">
   <image isalpha="0" autoScale="0" src="img\controlpanel\RestartButton.png" tooltip="translateMe(Restart)"/>
   <luascr OnClick="m_simpleTV.Control.ExecuteAction(63)"/>
 </node>

 <node class="BUTTON" id="SETTINGS_BUTTON_ID" toolTipView="UPPER_TEXT_ID" typeAlign="1" cx="60" cy="60" x="10" y="45">
   <image isalpha="0" autoScale="0" src="img\controlpanel\SetupButton.png" tooltip="translateMe(OSD Settings)"/>
   <luascr OnClick="m_simpleTV.Control.ExecuteAction(96)"/>
 </node>
 
 <node class="BUTTON" id="SKINSETTINGS_BUTTON_ID" toolTipView="UPPER_TEXT_ID" typeAlign="1" cx="60" cy="60" x="56" y="45">
   <image isalpha="0" autoScale="0" src="img\controlpanel\SkinSettingsButton.png" tooltip="translateMe(Skin settings)"/>   
   <luascr OnClick="skin_schema_settings()" />
 </node>

 <node class="BUTTON" id="KEY_ALLCONTROL_ID" toolTipView="UPPER_TEXT_ID" typeAlign="1" cx="36" cy="36" x="118" y="57">
    <image isalpha="0" autoScale="0" src="img\controlpanel\AllcontrolButton.png" tooltip="translateMe(Controls)"/>
    <luascr OnClick="m_simpleTV.Control.ExecuteAction(160)"/>
 </node> 
  
 <node class="BUTTON" id="PLAYLST_BUTTON_ID" toolTipView="UPPER_TEXT_ID" checkable="1" typeAlign="1" cx="36" cy="36" x="170" y="57">
   <image isalpha="0" autoScale="0" src="img\controlpanel\PlayListButton.png" tooltip="translateMe(Show playlist)"/>
   <image isalpha="0" checked="1" autoScale="0" src="img\controlpanel\PlayListButtonActive.png" tooltip="translateMe(Hide playlist)"/>
 </node> 
 
 <node class="BUTTON" id="USER_SHOW_TVS_SELECT_SRC" toolTipView="UPPER_TEXT_ID" typeAlign="1" cx="36" cy="36" x="228" y="57">
   <image isalpha="0" autoScale="0" src="img\controlpanel\MultiadressButton.png" tooltip="translateMe(Source selection)" />
   <luascr OnClick="if (tvs_core) and (TVSources_var.IsTVS == true) then dofile( m_simpleTV.MainScriptDir .. 'user/TVSources/selectsource.lua') else m_simpleTV.Control.ExecuteAction(108) end" />
 </node> 

 <node class="BUTTON" id="USER_PORTAL_ID" typeAlign="3" cx="36" cy="36" x="290" y="57">
   <image isalpha="0" autoScale="0" src="img\OSD\toolbar\PortalButton.png" tooltip="translateMe(Media Portal)" />
   <luascr OnClick="if m_simpleTV.User and m_simpleTV.User.westSide and m_simpleTV.User.westSide.PortalTable and m_simpleTV.User.westSide.PortalTable~=nil then show_portal_window() elseif m_simpleTV.User and m_simpleTV.User.hookLocalFiles and m_simpleTV.User.hookLocalFiles.isActive and m_simpleTV.User.hookLocalFiles.isActive==true then ShowHookLyric() elseif m_simpleTV.User and m_simpleTV.User.Radio and m_simpleTV.User.Radio.WinHead and m_simpleTV.User.Radio.WinHead~=nil then ShowRadioLyric() else run_westSide_portal() end" />
 </node>	

 <node class="BUTTON" id="REC_BUTTON_ID" toolTipView="UPPER_TEXT_ID" typeAlign="1" cx="60" cy="60" x="268" y="45">
   <image isalpha="0" autoScale="0" src="img\controlpanel\RecButton.png" tooltip="translateMe(Record)"/>
   <image isalpha="1" animation="1" autoScale="0" src="img\controlpanel\RecButtonActive.png" tooltip="translateMe(Record)"/>
 </node> 
 
 <node class="BUTTON" id="KEY_ADD_BOOKMARK" toolTipView="UPPER_TEXT_ID" typeAlign="3" cx="60" cy="60" x="232" y="45">
   <image isalpha="0" autoScale="0" src="img\controlpanel\BookmarkButton.png" tooltip="translateMe(Add bookmark)"/>
   <luascr OnClick="m_simpleTV.Control.ExecuteAction(99)"/>
 </node>
 
 <node class="BUTTON" id="MUTE_BUTTON_ID" checkable="1" toolTipView="UPPER_TEXT_ID" typeAlign="3" cx="60" cy="60" x="186" y="45">
   <image isalpha="0" autoScale="0" src="img\controlpanel\MuteButton.png" tooltip="translateMe(Mute)"/>   
   <image checked="1" isalpha="0" src="img\controlpanel\MuteOnButton.png" tooltip="translateMe(Mute off)"/>   
 </node>

 <node class="BUTTON" id="VOLUME_DOWN_BUTTON_ID" toolTipView="UPPER_TEXT_ID" typeAlign="3" cx="36" cy="66" x="150" y="42"  auto="20">
    <image isalpha="0" autoScale="0" src="img\controlpanel\VolumeButtonDown.png" tooltip="translateMe(Volume down)"/>
    <luascr OnClick="m_simpleTV.Control.ExecuteAction(62)"/>
 </node>

 <node class="BUTTON" id="VOLUME_UP_BUTTON_ID" toolTipView="UPPER_TEXT_ID" typeAlign="3" cx="36" cy="66" x="114" y="42" auto="20">
     <image isalpha="0" autoScale="0" src="img\controlpanel\VolumeButtonUp.png" tooltip="translateMe(Volume up)"/>
     <luascr OnClick="m_simpleTV.Control.ExecuteAction(61)"/>
 </node>

 <node class="BUTTON" id="CLOSE_BUTTON_ID" toolTipView="UPPER_TEXT_ID" typeAlign="3" cx="36" cy="36" x="20" y="57">
   <image isalpha="0" autoScale="0" src="img\controlpanel\ExitButton.png" tooltip="translateMe(Exit)"/>
 </node>

 <node class="BUTTON" id="FULLSCR_BUTTON_ID" checkable="1" toolTipView="UPPER_TEXT_ID" typeAlign="3" cx="60" cy="60" x="56" y="45">
   <image isalpha="0" autoScale="0" src="img\controlpanel\OSDFullScrButton.png" tooltip="translateMe(Fullscreen mode)"/>
   <image checked="1" isalpha="0" autoScale="0" src="img\controlpanel\OSDFullScrButtonActive.png" tooltip="translateMe(Exit from fullscreen mode)"/>
 </node>

 <node class="SLIDER" id="EPG_SLIDER_ID"  toolTipView="UPPER_TEXT_ID" typeAlign="1" cx="-100" cy="20" x="62" y="28" xb="70" listVisibleFollow="!POS_SLIDER_ID,EPG_LEFT_TEXT_ID,EPG_RIGHT_TEXT_ID">
   <imageback isalpha="0" duration="400" statecount="2" src="img\VolBackSlider.png" />
   <imagecursor isalpha="0" duration="400" left="0" right="10" top="0" bottom="20" statecount="2" src="img\OsdEPGCursor.png"/>      
   <minmax min="0" max="10000" />   
   <color>
    <enabledleft  color1="0xAAAAAAAA" type="0"/>
	<enabledright color1="0xAAAAAAAA" type="0"/>
	<partial color1="0xFF17B9FF" type="0"/>
   </color>
   <markinfo showalways="1" color="0x80FFFFFF" offset="0" size="0" width="3"/>
<!-- <backgroundMargins marginLeft="0" marginTop="2" marginRight="0" marginBottom="2" /> -->
 </node> 
 
<node class="STATIC" id="EPG_LEFT_TEXT_ID" typeAlign="1" cx="45" cy="32" x="5" y="28" xb="0" yb="0">
   <font name="Calibri" height="14" bold="1" />
   <text aligment="0x3" color="0xB4E6E6E6"/>
 </node>
 
  <node class="STATIC" id="EPG_RIGHT_TEXT_ID"  typeAlign="3" cx="45" cy="32" x="5" y="28" xb="0" yb="0">
   <font name="Calibri" height="14" bold="1" />
   <text  aligment="0x1" color="0xB4E6E6E6"/>
 </node>
  
 <node class="SLIDER" id="POS_SLIDER_ID"  typeAlign="1" cx="-100" cy="20" x="10" y="25" xb="10" listVisibleFollow="!USER_L_EPG_ID,!USER_R_EPG_ID">
   <imagecursor isalpha="0" duration="400" left="0" right="20" top="0" bottom="20" statecount="3" src="img\BarCursor.png"/>      
   <minmax min="0" max="10000" />   
   <markinfo showalways="1" color="0x80FFFFFF" offset="10" size="8" width="3"/>
   <color>
    <enabledleft  color1="0xFF17B9FF" color2="0xFF17B9FF" type="2"/>
	<enabledright color1="0xAAAAAAAA" color2="0xAAAAAAAA" type="2"/>
	<disabled color1="0x7717B9FF" color2="0x7717B9FF" type="2"/>
   </color>
   <backgroundMargins marginLeft="0" marginTop="7" marginRight="0" marginBottom="7" /> 
 </node>
</controlpanel>
