<volumeanimation>
  <volumeAnimation ui="forms\osd\volumanimation\volume.ui" typeAlign="0x0202" cx="0" cy="0" hideEffect="3"/>
  <background src="img\eq_main.png" setcx="1" setcy="1" usetransparent="1" can_glass="1" useSystemColorizationColor="1" hideColorizationWhenGlass="1" hideAllWhenGlass="0"  hideImageWhenTransparent="0" colorizationColorMinAlpha="0.65" type="0" color1="0x90808080"  />
  <resizeinfo resizeable="0" />
     
 <node class="STATIC" id="WINNAME_TEXT_ID" typeAlign="0" cx="200" cy="18" x="3" y="1">
   <text value="Эквалайзер" aligment="0x81" color="0xFFFFFFFF"/>
   <font name="Calibri" height="11" bold="1" spacing="103" />
   <glow1 glow="5" samples="4" color="0xFFFFFFFF"/>
   <margins left="5"/>
 </node>	 
	 
 <node class="BUTTON" id="CLOSE_EQ_BUTTON_ID" typeAlign="3" cx="16" cy="17" x="8" y="2">
   <image isalpha="0" src="img\CloseEqButton.png" tooltip="translateMe(Close)" />      
 </node> 
  
 <node class="SLIDER" id="SLIDER_PREAMP_ID" vertical="1" typeAlign="1" cx="18" cy="117" x="72" y="37">
   <imagecursor isalpha="0" duration="400" statecount="2" right="18" bottom="8" src="img\EqSliderCursor.png"/>      
   <minmax min="0" max="400" />   
   <holdinfo>
    <point value="200" threshold="10" />
   </holdinfo>
 </node>

</volumeanimation>
